Hair,Eyes,Gender
Black,Brown,Male
Black,Brown,Male
Black,Brown,Male
Black,Brown,Male
Black,Brown,Male
Black,Brown,Male
Black,Brown,Male
Black,Brown,Male
Black,Brown,Male
Black,Brown,Male
Black,Brown,Male
Black,Brown,Male
Black,Brown,Male
Black,Brown,Male
Black,Brown,Male
Black,Brown,Male
Black,Brown,Male
Black,Brown,Male
Black,Brown,Male
Black,Brown,Male
Black,Brown,Male
Black,Brown,Male
Black,Brown,Male
Black,Brown,Male
Black,Brown,Male
Black,Brown,Male
Black,Brown,Male
Black,Brown,Male
Black,Brown,Male
Black,Brown,Male
Black,Brown,Male
Black,Brown,Male
Brown,Brown,Male
Brown,Brown,Male
Brown,Brown,Male
Brown,Brown,Male
Brown,Brown,Male
Brown,Brown,Male
Brown,Brown,Male
Brown,Brown,Male
Brown,Brown,Male
Brown,Brown,Male
Brown,Brown,Male
Brown,Brown,Male
Brown,Brown,Male
Brown,Brown,Male
Brown,Brown,Male
Brown,Brown,Male
Brown,Brown,Male
Brown,Brown,Male
Brown,Brown,Male
Brown,Brown,Male
Brown,Brown,Male
Brown,Brown,Male
Brown,Brown,Male
Brown,Brown,Male
Brown,Brown,Male
Brown,Brown,Male
Brown,Brown,Male
Brown,Brown,Male
Brown,Brown,Male
Brown,Brown,Male
Brown,Brown,Male
Brown,Brown,Male
Brown,Brown,Male
Brown,Brown,Male
Brown,Brown,Male
Brown,Brown,Male
Brown,Brown,Male
Brown,Brown,Male
Brown,Brown,Male
Brown,Brown,Male
Brown,Brown,Male
Brown,Brown,Male
Brown,Brown,Male
Brown,Brown,Male
Brown,Brown,Male
Brown,Brown,Male
Brown,Brown,Male
Brown,Brown,Male
Brown,Brown,Male
Brown,Brown,Male
Brown,Brown,Male
Brown,Brown,Male
Brown,Brown,Male
Red,Brown,Male
Red,Brown,Male
Red,Brown,Male
Red,Brown,Male
Red,Brown,Male
Red,Brown,Male
Red,Brown,Male
Red,Brown,Male
Red,Brown,Male
Red,Brown,Male
Blonde,Brown,Male
Blonde,Brown,Male
Blonde,Brown,Male
Black,Blue,Male
Black,Blue,Male
Black,Blue,Male
Black,Blue,Male
Black,Blue,Male
Black,Blue,Male
Black,Blue,Male
Black,Blue,Male
Black,Blue,Male
Black,Blue,Male
Black,Blue,Male
Brown,Blue,Male
Brown,Blue,Male
Brown,Blue,Male
Brown,Blue,Male
Brown,Blue,Male
Brown,Blue,Male
Brown,Blue,Male
Brown,Blue,Male
Brown,Blue,Male
Brown,Blue,Male
Brown,Blue,Male
Brown,Blue,Male
Brown,Blue,Male
Brown,Blue,Male
Brown,Blue,Male
Brown,Blue,Male
Brown,Blue,Male
Brown,Blue,Male
Brown,Blue,Male
Brown,Blue,Male
Brown,Blue,Male
Brown,Blue,Male
Brown,Blue,Male
Brown,Blue,Male
Brown,Blue,Male
Brown,Blue,Male
Brown,Blue,Male
Brown,Blue,Male
Brown,Blue,Male
Brown,Blue,Male
Brown,Blue,Male
Brown,Blue,Male
Brown,Blue,Male
Brown,Blue,Male
Brown,Blue,Male
Brown,Blue,Male
Brown,Blue,Male
Brown,Blue,Male
Brown,Blue,Male
Brown,Blue,Male
Brown,Blue,Male
Brown,Blue,Male
Brown,Blue,Male
Brown,Blue,Male
Brown,Blue,Male
Brown,Blue,Male
Brown,Blue,Male
Brown,Blue,Male
Brown,Blue,Male
Brown,Blue,Male
Red,Blue,Male
Red,Blue,Male
Red,Blue,Male
Red,Blue,Male
Red,Blue,Male
Red,Blue,Male
Red,Blue,Male
Red,Blue,Male
Red,Blue,Male
Red,Blue,Male
Blonde,Blue,Male
Blonde,Blue,Male
Blonde,Blue,Male
Blonde,Blue,Male
Blonde,Blue,Male
Blonde,Blue,Male
Blonde,Blue,Male
Blonde,Blue,Male
Blonde,Blue,Male
Blonde,Blue,Male
Blonde,Blue,Male
Blonde,Blue,Male
Blonde,Blue,Male
Blonde,Blue,Male
Blonde,Blue,Male
Blonde,Blue,Male
Blonde,Blue,Male
Blonde,Blue,Male
Blonde,Blue,Male
Blonde,Blue,Male
Blonde,Blue,Male
Blonde,Blue,Male
Blonde,Blue,Male
Blonde,Blue,Male
Blonde,Blue,Male
Blonde,Blue,Male
Blonde,Blue,Male
Blonde,Blue,Male
Blonde,Blue,Male
Blonde,Blue,Male
Black,Hazel,Male
Black,Hazel,Male
Black,Hazel,Male
Black,Hazel,Male
Black,Hazel,Male
Black,Hazel,Male
Black,Hazel,Male
Black,Hazel,Male
Black,Hazel,Male
Black,Hazel,Male
Brown,Hazel,Male
Brown,Hazel,Male
Brown,Hazel,Male
Brown,Hazel,Male
Brown,Hazel,Male
Brown,Hazel,Male
Brown,Hazel,Male
Brown,Hazel,Male
Brown,Hazel,Male
Brown,Hazel,Male
Brown,Hazel,Male
Brown,Hazel,Male
Brown,Hazel,Male
Brown,Hazel,Male
Brown,Hazel,Male
Brown,Hazel,Male
Brown,Hazel,Male
Brown,Hazel,Male
Brown,Hazel,Male
Brown,Hazel,Male
Brown,Hazel,Male
Brown,Hazel,Male
Brown,Hazel,Male
Brown,Hazel,Male
Brown,Hazel,Male
Red,Hazel,Male
Red,Hazel,Male
Red,Hazel,Male
Red,Hazel,Male
Red,Hazel,Male
Red,Hazel,Male
Red,Hazel,Male
Blonde,Hazel,Male
Blonde,Hazel,Male
Blonde,Hazel,Male
Blonde,Hazel,Male
Blonde,Hazel,Male
Black,Green,Male
Black,Green,Male
Black,Green,Male
Brown,Green,Male
Brown,Green,Male
Brown,Green,Male
Brown,Green,Male
Brown,Green,Male
Brown,Green,Male
Brown,Green,Male
Brown,Green,Male
Brown,Green,Male
Brown,Green,Male
Brown,Green,Male
Brown,Green,Male
Brown,Green,Male
Brown,Green,Male
Brown,Green,Male
Red,Green,Male
Red,Green,Male
Red,Green,Male
Red,Green,Male
Red,Green,Male
Red,Green,Male
Red,Green,Male
Blonde,Green,Male
Blonde,Green,Male
Blonde,Green,Male
Blonde,Green,Male
Blonde,Green,Male
Blonde,Green,Male
Blonde,Green,Male
Blonde,Green,Male
Black,Brown,Female
Black,Brown,Female
Black,Brown,Female
Black,Brown,Female
Black,Brown,Female
Black,Brown,Female
Black,Brown,Female
Black,Brown,Female
Black,Brown,Female
Black,Brown,Female
Black,Brown,Female
Black,Brown,Female
Black,Brown,Female
Black,Brown,Female
Black,Brown,Female
Black,Brown,Female
Black,Brown,Female
Black,Brown,Female
Black,Brown,Female
Black,Brown,Female
Black,Brown,Female
Black,Brown,Female
Black,Brown,Female
Black,Brown,Female
Black,Brown,Female
Black,Brown,Female
Black,Brown,Female
Black,Brown,Female
Black,Brown,Female
Black,Brown,Female
Black,Brown,Female
Black,Brown,Female
Black,Brown,Female
Black,Brown,Female
Black,Brown,Female
Black,Brown,Female
Brown,Brown,Female
Brown,Brown,Female
Brown,Brown,Female
Brown,Brown,Female
Brown,Brown,Female
Brown,Brown,Female
Brown,Brown,Female
Brown,Brown,Female
Brown,Brown,Female
Brown,Brown,Female
Brown,Brown,Female
Brown,Brown,Female
Brown,Brown,Female
Brown,Brown,Female
Brown,Brown,Female
Brown,Brown,Female
Brown,Brown,Female
Brown,Brown,Female
Brown,Brown,Female
Brown,Brown,Female
Brown,Brown,Female
Brown,Brown,Female
Brown,Brown,Female
Brown,Brown,Female
Brown,Brown,Female
Brown,Brown,Female
Brown,Brown,Female
Brown,Brown,Female
Brown,Brown,Female
Brown,Brown,Female
Brown,Brown,Female
Brown,Brown,Female
Brown,Brown,Female
Brown,Brown,Female
Brown,Brown,Female
Brown,Brown,Female
Brown,Brown,Female
Brown,Brown,Female
Brown,Brown,Female
Brown,Brown,Female
Brown,Brown,Female
Brown,Brown,Female
Brown,Brown,Female
Brown,Brown,Female
Brown,Brown,Female
Brown,Brown,Female
Brown,Brown,Female
Brown,Brown,Female
Brown,Brown,Female
Brown,Brown,Female
Brown,Brown,Female
Brown,Brown,Female
Brown,Brown,Female
Brown,Brown,Female
Brown,Brown,Female
Brown,Brown,Female
Brown,Brown,Female
Brown,Brown,Female
Brown,Brown,Female
Brown,Brown,Female
Brown,Brown,Female
Brown,Brown,Female
Brown,Brown,Female
Brown,Brown,Female
Brown,Brown,Female
Brown,Brown,Female
Red,Brown,Female
Red,Brown,Female
Red,Brown,Female
Red,Brown,Female
Red,Brown,Female
Red,Brown,Female
Red,Brown,Female
Red,Brown,Female
Red,Brown,Female
Red,Brown,Female
Red,Brown,Female
Red,Brown,Female
Red,Brown,Female
Red,Brown,Female
Red,Brown,Female
Red,Brown,Female
Blonde,Brown,Female
Blonde,Brown,Female
Blonde,Brown,Female
Blonde,Brown,Female
Black,Blue,Female
Black,Blue,Female
Black,Blue,Female
Black,Blue,Female
Black,Blue,Female
Black,Blue,Female
Black,Blue,Female
Black,Blue,Female
Black,Blue,Female
Brown,Blue,Female
Brown,Blue,Female
Brown,Blue,Female
Brown,Blue,Female
Brown,Blue,Female
Brown,Blue,Female
Brown,Blue,Female
Brown,Blue,Female
Brown,Blue,Female
Brown,Blue,Female
Brown,Blue,Female
Brown,Blue,Female
Brown,Blue,Female
Brown,Blue,Female
Brown,Blue,Female
Brown,Blue,Female
Brown,Blue,Female
Brown,Blue,Female
Brown,Blue,Female
Brown,Blue,Female
Brown,Blue,Female
Brown,Blue,Female
Brown,Blue,Female
Brown,Blue,Female
Brown,Blue,Female
Brown,Blue,Female
Brown,Blue,Female
Brown,Blue,Female
Brown,Blue,Female
Brown,Blue,Female
Brown,Blue,Female
Brown,Blue,Female
Brown,Blue,Female
Brown,Blue,Female
Red,Blue,Female
Red,Blue,Female
Red,Blue,Female
Red,Blue,Female
Red,Blue,Female
Red,Blue,Female
Red,Blue,Female
Blonde,Blue,Female
Blonde,Blue,Female
Blonde,Blue,Female
Blonde,Blue,Female
Blonde,Blue,Female
Blonde,Blue,Female
Blonde,Blue,Female
Blonde,Blue,Female
Blonde,Blue,Female
Blonde,Blue,Female
Blonde,Blue,Female
Blonde,Blue,Female
Blonde,Blue,Female
Blonde,Blue,Female
Blonde,Blue,Female
Blonde,Blue,Female
Blonde,Blue,Female
Blonde,Blue,Female
Blonde,Blue,Female
Blonde,Blue,Female
Blonde,Blue,Female
Blonde,Blue,Female
Blonde,Blue,Female
Blonde,Blue,Female
Blonde,Blue,Female
Blonde,Blue,Female
Blonde,Blue,Female
Blonde,Blue,Female
Blonde,Blue,Female
Blonde,Blue,Female
Blonde,Blue,Female
Blonde,Blue,Female
Blonde,Blue,Female
Blonde,Blue,Female
Blonde,Blue,Female
Blonde,Blue,Female
Blonde,Blue,Female
Blonde,Blue,Female
Blonde,Blue,Female
Blonde,Blue,Female
Blonde,Blue,Female
Blonde,Blue,Female
Blonde,Blue,Female
Blonde,Blue,Female
Blonde,Blue,Female
Blonde,Blue,Female
Blonde,Blue,Female
Blonde,Blue,Female
Blonde,Blue,Female
Blonde,Blue,Female
Blonde,Blue,Female
Blonde,Blue,Female
Blonde,Blue,Female
Blonde,Blue,Female
Blonde,Blue,Female
Blonde,Blue,Female
Blonde,Blue,Female
Blonde,Blue,Female
Blonde,Blue,Female
Blonde,Blue,Female
Blonde,Blue,Female
Blonde,Blue,Female
Blonde,Blue,Female
Blonde,Blue,Female
Black,Hazel,Female
Black,Hazel,Female
Black,Hazel,Female
Black,Hazel,Female
Black,Hazel,Female
Brown,Hazel,Female
Brown,Hazel,Female
Brown,Hazel,Female
Brown,Hazel,Female
Brown,Hazel,Female
Brown,Hazel,Female
Brown,Hazel,Female
Brown,Hazel,Female
Brown,Hazel,Female
Brown,Hazel,Female
Brown,Hazel,Female
Brown,Hazel,Female
Brown,Hazel,Female
Brown,Hazel,Female
Brown,Hazel,Female
Brown,Hazel,Female
Brown,Hazel,Female
Brown,Hazel,Female
Brown,Hazel,Female
Brown,Hazel,Female
Brown,Hazel,Female
Brown,Hazel,Female
Brown,Hazel,Female
Brown,Hazel,Female
Brown,Hazel,Female
Brown,Hazel,Female
Brown,Hazel,Female
Brown,Hazel,Female
Brown,Hazel,Female
Red,Hazel,Female
Red,Hazel,Female
Red,Hazel,Female
Red,Hazel,Female
Red,Hazel,Female
Red,Hazel,Female
Red,Hazel,Female
Blonde,Hazel,Female
Blonde,Hazel,Female
Blonde,Hazel,Female
Blonde,Hazel,Female
Blonde,Hazel,Female
Black,Green,Female
Black,Green,Female
Brown,Green,Female
Brown,Green,Female
Brown,Green,Female
Brown,Green,Female
Brown,Green,Female
Brown,Green,Female
Brown,Green,Female
Brown,Green,Female
Brown,Green,Female
Brown,Green,Female
Brown,Green,Female
Brown,Green,Female
Brown,Green,Female
Brown,Green,Female
Red,Green,Female
Red,Green,Female
Red,Green,Female
Red,Green,Female
Red,Green,Female
Red,Green,Female
Red,Green,Female
Blonde,Green,Female
Blonde,Green,Female
Blonde,Green,Female
Blonde,Green,Female
Blonde,Green,Female
Blonde,Green,Female
Blonde,Green,Female
Blonde,Green,Female
